pct_bach ,pct_pov,hh_med_inc,pct_unemp,pct_white,pct_black,pct_anai,pct_asian,pct_nh_pi,pct_other_race,pct_two_race,pct_hisp,pct_smaller_races,cdp_pct_anai_sd,cdp_pct_asian_sd,cdp_pct_bach_sd,cdp_pct_black_sd,cdp_pct_hisp_sd,cdp_pct_nh_pi_sd,cdp_pct_other_race_sd,cdp_pct_pov_sd,cdp_pct_smaller_races_sd,cdp_pct_two_race_sd,cdp_pct_unemp_sd,cdp_pct_white_sd
29.99327095502589,18.720366047792915,55304.5755387557,10.554636020526955,28.406582866627307,8.75557087549483,0.15973453786818337,11.423460792211335,0.15736648450937274,0.31637763550696885,2.1276038354206506,48.65620830222315,2.7610824933051754,0.013188281523213415,0.08580918309546487,0.1203935354949988,0.08160442620081625,0.12869623870049188,0.015826547334599837,0.017964446620217584,0.18188623979441784,0.04942470430288861,0.04120596919897599,0.09421215472856076,0.11108977876748884
28.854397605564234,20.91474693158909,49968.3957216547,11.047851400436585,26.58983130736546,11.264315699442534,0.17245333432839632,10.859359058330002,0.1584653182908615,0.34049286058676637,2.0601884793310035,47.84134349214081,2.731599992537028,0.05395046001307436,0.10431247501573994,0.16523050737409423,0.11155876865105871,0.15548613351468676,0.053654259104095346,0.05461641677663713,0.42129312490239856,0.006729403675433573,0.06722676575247874,0.15022621516002602,0.13019846831954263
